station_name,borough,borough_standardized,system,full_name
Bank ( from Monument),City of London,City of London,DLR,
Tower Gateway ( from Fenchurch Street and from Tower Hill tube),City of London,City of London,DLR,
Cutty Sark for Maritime Greenwich,Greenwich,Greenwich,DLR,
Elverson Road,Greenwich,Greenwich,DLR,
Greenwich,Greenwich,Greenwich,DLR,
Woolwich Arsenal ( from Woolwich),Greenwich,Greenwich,DLR,
Deptford Bridge,Lewisham,Lewisham,DLR,
Lewisham,Lewisham,Lewisham,DLR,
Abbey Road,Newham,Newham,DLR,
Beckton,Newham,Newham,DLR,
Beckton Park,Newham,Newham,DLR,
Canning Town (High Level),Newham,Newham,DLR,
Canning Town (Low Level),Newham,Newham,DLR,
Custom House,Newham,Newham,DLR,
Cyprus,Newham,Newham,DLR,
Gallions Reach,Newham,Newham,DLR,
King George V,Newham,Newham,DLR,
London City Airport,Newham,Newham,DLR,
Pontoon Dock,Newham,Newham,DLR,
Prince Regent,Newham,Newham,DLR,
Pudding Mill Lane,Newham,Newham,DLR,
Royal Albert,Newham,Newham,DLR,
Royal Victoria ( from IFS Cloud Royal Docks),Newham,Newham,DLR,
Star Lane,Newham,Newham,DLR,
Stratford (High Level),Newham,Newham,DLR,
Stratford (Low Level),Newham,Newham,DLR,
Stratford High Street,Newham,Newham,DLR,
Stratford International,Newham,Newham,DLR,
West Ham,Newham,Newham,DLR,
West Silvertown,Newham,Newham,DLR,
All Saints,Tower Hamlets,Tower Hamlets,DLR,
Blackwall,Tower Hamlets,Tower Hamlets,DLR,
Bow Church ( from Bow Road tube),Tower Hamlets,Tower Hamlets,DLR,
Canary Wharf,Tower Hamlets,Tower Hamlets,DLR,
Crossharbour,Tower Hamlets,Tower Hamlets,DLR,
Devons Road,Tower Hamlets,Tower Hamlets,DLR,
East India,Tower Hamlets,Tower Hamlets,DLR,
Heron Quays ( from Canary Wharf tube),Tower Hamlets,Tower Hamlets,DLR,
Island Gardens,Tower Hamlets,Tower Hamlets,DLR,
Langdon Park,Tower Hamlets,Tower Hamlets,DLR,
Limehouse,Tower Hamlets,Tower Hamlets,DLR,
Mudchute,Tower Hamlets,Tower Hamlets,DLR,
Poplar ( from Canary Wharf),Tower Hamlets,Tower Hamlets,DLR,
Shadwell,Tower Hamlets,Tower Hamlets,DLR,
South Quay,Tower Hamlets,Tower Hamlets,DLR,
West India Quay ( from Canary Wharf),Tower Hamlets,Tower Hamlets,DLR,
Westferry,Tower Hamlets,Tower Hamlets,DLR,
Abbey Wood,Bexley & Royal Borough of Greenwich,Greenwich,ELZ,
Brentwood,Borough of Brentwood,Out of London,ELZ,
Shenfield,Borough of Brentwood,Out of London,ELZ,
Iver,Buckinghamshire,Out of London,ELZ,
Taplow,Buckinghamshire,Out of London,ELZ,
Tottenham Court Road,Camden,Camden,ELZ,
Liverpool Street,City of London,City of London,ELZ,
Acton Main Line,Ealing,Ealing,ELZ,
Ealing Broadway,Ealing,Ealing,ELZ,
Hanwell,Ealing,Ealing,ELZ,
Southall,Ealing,Ealing,ELZ,
West Ealing,Ealing,Ealing,ELZ,
Woolwich,Greenwich,Greenwich,ELZ,
Gidea Park,Havering,Havering,ELZ,
Harold Wood,Havering,Havering,ELZ,
Romford,Havering,Havering,ELZ,
Hayes & Harlington,Hillingdon,Hillingdon,ELZ,
Heathrow Terminal 4,Hillingdon,Hillingdon,ELZ,
Heathrow Terminal 5,Hillingdon,Hillingdon,ELZ,
Heathrow Terminals 2 & 3,Hillingdon,Hillingdon,ELZ,
West Drayton,Hillingdon,Hillingdon,ELZ,
Farringdon,Islington,Islington,ELZ,
Custom House,Newham,Newham,ELZ,
Forest Gate,Newham,Newham,ELZ,
Manor Park,Newham,Newham,ELZ,
Maryland,Newham,Newham,ELZ,
Stratford,Newham,Newham,ELZ,
Chadwell Heath,Redbridge,Redbridge,ELZ,
Goodmayes,Redbridge,Redbridge,ELZ,
Ilford,Redbridge,Redbridge,ELZ,
Seven Kings,Redbridge,Redbridge,ELZ,
Burnham,Slough,Out of London,ELZ,
Langley,Slough,Out of London,ELZ,
Canary Wharf,Tower Hamlets,Tower Hamlets,ELZ,
Whitechapel,Tower Hamlets,Tower Hamlets,ELZ,
Maidenhead,Unknown,Out of London,ELZ,
Reading,Unknown,Out of London,ELZ,
Slough,Unknown,Out of London,ELZ,
Twyford,Unknown,Out of London,ELZ,
Bond Street (ELZ),Westminster,Westminster,ELZ,
Paddington,Westminster,Westminster,ELZ,
Barking,Barking & Dagenham,Barking & Dagenham,LO,
Barking Riverside,Barking & Dagenham,Barking & Dagenham,LO,
Cheshunt,Borough of Broxbourne,Out of London,LO,
Theobalds Grove,Borough of Broxbourne,Out of London,LO,
Bushey,Borough of Watford,Out of London,LO,
Watford High Street,Borough of Watford,Out of London,LO,
Watford Junction,Borough of Watford,Out of London,LO,
Brondesbury,Brent,Brent,LO,
Brondesbury Park,Brent,Brent,LO,
Harlesden,Brent,Brent,LO,
Kensal Green,Brent,Brent,LO,
Kensal Rise,Brent,Brent,LO,
Kenton,Brent,Brent,LO,
North Wembley,Brent,Brent,LO,
Queen's Park,Brent,Brent,LO,
South Kenton,Brent,Brent,LO,
Stonebridge Park,Brent,Brent,LO,
Wembley Central,Brent,Brent,LO,
Willesden Junction,Brent,Brent,LO,
Anerley,Bromley,Bromley,LO,
Crystal Palace,Bromley,Bromley,LO,
Penge West,Bromley,Bromley,LO,
Camden Road,Camden,Camden,LO,
Euston,Camden,Camden,LO,
Finchley Road & Frognal,Camden,Camden,LO,
Gospel Oak,Camden,Camden,LO,
Hampstead Heath,Camden,Camden,LO,
Kentish Town West,Camden,Camden,LO,
Kilburn High Road,Camden,Camden,LO,
South Hampstead,Camden,Camden,LO,
West Hampstead,Camden,Camden,LO,
Liverpool Street,City of London,City of London,LO,
Norwood Junction,Croydon,Croydon,LO,
West Croydon,Croydon,Croydon,LO,
Carpenders Park,District of Three Rivers,Out of London,LO,
Acton Central,Ealing,Ealing,LO,
South Acton,Ealing,Ealing,LO,
Bush Hill Park,Enfield,Enfield,LO,
Edmonton Green,Enfield,Enfield,LO,
Enfield Town,Enfield,Enfield,LO,
Silver Street,Enfield,Enfield,LO,
Southbury,Enfield,Enfield,LO,
Turkey Street,Enfield,Enfield,LO,
Clapton,Hackney,Hackney,LO,
Dalston Junction,Hackney,Hackney,LO,
Dalston Kingsland,Hackney,Hackney,LO,
Hackney Central,Hackney,Hackney,LO,
Hackney Downs,Hackney,Hackney,LO,
Hackney Wick,Hackney,Hackney,LO,
Haggerston,Hackney,Hackney,LO,
Homerton,Hackney,Hackney,LO,
Hoxton,Hackney,Hackney,LO,
London Fields,Hackney,Hackney,LO,
Rectory Road,Hackney,Hackney,LO,
Stamford Hill,Hackney,Hackney,LO,
Stoke Newington,Hackney,Hackney,LO,
Imperial Wharf,Hammersmith & Fulham,Hammersmith & Fulham,LO,
Shepherd's Bush (Ovr),Hammersmith & Fulham,Hammersmith & Fulham,LO,
Bruce Grove,Haringey,Haringey,LO,
Harringay Green Lanes,Haringey,Haringey,LO,
Seven Sisters,Haringey,Haringey,LO,
South Tottenham,Haringey,Haringey,LO,
White Hart Lane,Haringey,Haringey,LO,
Harrow & Wealdstone,Harrow,Harrow,LO,
Hatch End,Harrow,Harrow,LO,
Headstone Lane,Harrow,Harrow,LO,
Emerson Park,Havering,Havering,LO,
Romford,Havering,Havering,LO,
Upminster,Havering,Havering,LO,
Gunnersbury,Hounslow,Hounslow,LO,
Caledonian Road & Barnsbury,Islington,Islington,LO,
Canonbury,Islington,Islington,LO,
Crouch Hill,Islington,Islington,LO,
Highbury & Islington,Islington,Islington,LO,
Upper Holloway,Islington,Islington,LO,
Kensington (Olympia),Kensington & Chelsea,Kensington & Chelsea,LO,
West Brompton,Kensington & Chelsea,Kensington & Chelsea,LO,
Clapham High Street,Lambeth,Lambeth,LO,
Wandsworth Road,Lambeth,Lambeth,LO,
Brockley,Lewisham,Lewisham,LO,
Forest Hill,Lewisham,Lewisham,LO,
Honor Oak Park,Lewisham,Lewisham,LO,
New Cross,Lewisham,Lewisham,LO,
New Cross Gate,Lewisham,Lewisham,LO,
Sydenham,Lewisham,Lewisham,LO,
Stratford,Newham,Newham,LO,
Wanstead Park,Newham,Newham,LO,
Woodgrange Park,Newham,Newham,LO,
Kew Gardens,Richmond upon Thames,Richmond upon Thames,LO,
Richmond,Richmond upon Thames,Richmond upon Thames,LO,
Canada Water,Southwark,Southwark,LO,
Denmark Hill,Southwark,Southwark,LO,
Peckham Rye,Southwark,Southwark,LO,
Queens Road Peckham,Southwark,Southwark,LO,
Rotherhithe,Southwark,Southwark,LO,
Surrey Quays,Southwark,Southwark,LO,
Bethnal Green,Tower Hamlets,Tower Hamlets,LO,
Cambridge Heath,Tower Hamlets,Tower Hamlets,LO,
Shadwell,Tower Hamlets,Tower Hamlets,LO,
Wapping,Tower Hamlets,Tower Hamlets,LO,
Whitechapel,Tower Hamlets,Tower Hamlets,LO,
Shoreditch High Street,Tower Hamlets & Hackney,Tower Hamlets,LO,
Blackhorse Road,Waltham Forest,Waltham Forest,LO,
Chingford,Waltham Forest,Waltham Forest,LO,
Highams Park,Waltham Forest,Waltham Forest,LO,
Leyton Midland Road,Waltham Forest,Waltham Forest,LO,
Leytonstone High Road,Waltham Forest,Waltham Forest,LO,
St. James Street,Waltham Forest,Waltham Forest,LO,
Walthamstow Central,Waltham Forest,Waltham Forest,LO,
Walthamstow Queen's Road,Waltham Forest,Waltham Forest,LO,
Wood Street,Waltham Forest,Waltham Forest,LO,
Battersea Park,Wandsworth,Wandsworth,LO,
Clapham Junction,Wandsworth,Wandsworth,LO,
Barking,Barking & Dagenham,Barking & Dagenham,Tube,Barking station
Becontree,Barking & Dagenham,Barking & Dagenham,Tube,Becontree tube station
Dagenham East,Barking & Dagenham,Barking & Dagenham,Tube,Dagenham East tube station
Dagenham Heathway,Barking & Dagenham,Barking & Dagenham,Tube,Dagenham Heathway tube station
Upney,Barking & Dagenham,Barking & Dagenham,Tube,Upney tube station
Brent Cross,Barnet,Barnet,Tube,Brent Cross tube station
Burnt Oak,Barnet,Barnet,Tube,Burnt Oak tube station
Colindale,Barnet,Barnet,Tube,Colindale tube station
East Finchley,Barnet,Barnet,Tube,East Finchley tube station
Edgware,Barnet,Barnet,Tube,Edgware tube station
Finchley Central,Barnet,Barnet,Tube,Finchley Central tube station
Golders Green,Barnet,Barnet,Tube,Golders Green tube station
Hendon Central,Barnet,Barnet,Tube,Hendon Central tube station
High Barnet,Barnet,Barnet,Tube,High Barnet tube station
Mill Hill East,Barnet,Barnet,Tube,Mill Hill East tube station
Totteridge & Whetstone,Barnet,Barnet,Tube,Totteridge & Whetstone tube station
West Finchley,Barnet,Barnet,Tube,West Finchley tube station
Woodside Park,Barnet,Barnet,Tube,Woodside Park tube station
Alperton,Brent,Brent,Tube,Alperton tube station
Dollis Hill,Brent,Brent,Tube,Dollis Hill tube station
Harlesden,Brent,Brent,Tube,Harlesden station
Kensal Green,Brent,Brent,Tube,Kensal Green station
Kenton,Brent,Brent,Tube,Kenton station
Kilburn,Brent,Brent,Tube,Kilburn tube station
Kilburn Park,Brent,Brent,Tube,Kilburn Park tube station
Kingsbury,Brent,Brent,Tube,Kingsbury tube station
Neasden,Brent,Brent,Tube,Neasden tube station
North Wembley,Brent,Brent,Tube,North Wembley station
Northwick Park,Brent,Brent,Tube,Northwick Park tube station
Preston Road,Brent,Brent,Tube,Preston Road tube station
Queen's Park,Brent,Brent,Tube,Queen's Park station (England)
Queensbury,Brent,Brent,Tube,Queensbury tube station
South Kenton,Brent,Brent,Tube,South Kenton station
Stonebridge Park,Brent,Brent,Tube,Stonebridge Park station
Sudbury Town,Brent,Brent,Tube,Sudbury Town tube station
Wembley Central,Brent,Brent,Tube,Wembley Central station
Wembley Park,Brent,Brent,Tube,Wembley Park tube station
Willesden Green,Brent,Brent,Tube,Willesden Green tube station
Willesden Junction,Brent,Brent,Tube,Willesden Junction station
Belsize Park,Camden,Camden,Tube,Belsize Park tube station
Camden Town,Camden,Camden,Tube,Camden Town tube station
Chalk Farm,Camden,Camden,Tube,Chalk Farm tube station
Chancery Lane,Camden,Camden,Tube,Chancery Lane tube station
Euston,Camden,Camden,Tube,Euston tube station
Euston Square,Camden,Camden,Tube,Euston Square tube station
Finchley Road,Camden,Camden,Tube,Finchley Road tube station
Goodge Street,Camden,Camden,Tube,Goodge Street tube station
Hampstead,Camden,Camden,Tube,Hampstead tube station
Holborn,Camden,Camden,Tube,Holborn tube station
Kentish Town,Camden,Camden,Tube,Kentish Town station
King's Cross St. Pancras,Camden,Camden,Tube,King's Cross St Pancras tube station
Mornington Crescent,Camden,Camden,Tube,Mornington Crescent tube station
Russell Square,Camden,Camden,Tube,Russell Square tube station
Swiss Cottage,Camden,Camden,Tube,Swiss Cottage tube station
Warren Street,Camden,Camden,Tube,Warren Street tube station
West Hampstead,Camden,Camden,Tube,West Hampstead tube station
Aldgate,City of London,City of London,Tube,Aldgate tube station
Bank / Monument,City of London,City of London,Tube,Bank and Monument stations
Barbican,City of London,City of London,Tube,Barbican tube station
Blackfriars,City of London,City of London,Tube,Blackfriars station
Cannon Street,City of London,City of London,Tube,Cannon Street station
King William Street,City of London,City of London,Tube,King William Street tube station
Liverpool Street,City of London,City of London,Tube,Liverpool Street station
Lothbury,City of London,City of London,Tube,Lothbury tube station
Ludgate Circus,City of London,City of London,Tube,Ludgate Circus tube station
Mansion House,City of London,City of London,Tube,Mansion House tube station
Mark Lane,City of London,City of London,Tube,Mark Lane tube station
Moorgate,City of London,City of London,Tube,Moorgate station
St. Paul's,City of London,City of London,Tube,St Paul's tube station
Acton Town,Ealing,Ealing,Tube,Acton Town tube station
Chiswick Park,Ealing,Ealing,Tube,Chiswick Park tube station
Ealing Broadway,Ealing,Ealing,Tube,Ealing Broadway station
Ealing Common,Ealing,Ealing,Tube,Ealing Common tube station
Greenford,Ealing,Ealing,Tube,Greenford station
Hanger Lane,Ealing,Ealing,Tube,Hanger Lane tube station
North Acton,Ealing,Ealing,Tube,North Acton tube station
North Ealing,Ealing,Ealing,Tube,North Ealing tube station
Northfields,Ealing,Ealing,Tube,Northfields tube station
Northolt,Ealing,Ealing,Tube,Northolt tube station
Park Royal,Ealing,Ealing,Tube,Park Royal tube station
Perivale,Ealing,Ealing,Tube,Perivale tube station
South Ealing,Ealing,Ealing,Tube,South Ealing tube station
West Acton,Ealing,Ealing,Tube,West Acton tube station
Arnos Grove,Enfield,Enfield,Tube,Arnos Grove tube station
Cockfosters,Enfield,Enfield,Tube,Cockfosters tube station
Oakwood,Enfield,Enfield,Tube,Oakwood tube station
Southgate,Enfield,Enfield,Tube,Southgate tube station
North Greenwich,Greenwich,Greenwich,Tube,North Greenwich tube station
Manor House,Hackney,Hackney,Tube,Manor House tube station
Barons Court,Hammersmith & Fulham,Hammersmith & Fulham,Tube,Barons Court tube station
East Acton,Hammersmith & Fulham,Hammersmith & Fulham,Tube,East Acton tube station
Fulham Broadway,Hammersmith & Fulham,Hammersmith & Fulham,Tube,Fulham Broadway tube station
Goldhawk Road,Hammersmith & Fulham,Hammersmith & Fulham,Tube,Goldhawk Road tube station
Hammersmith (Dis),Hammersmith & Fulham,Hammersmith & Fulham,Tube,Hammersmith tube station (District and Piccadilly lines)
Hammersmith (H&C),Hammersmith & Fulham,Hammersmith & Fulham,Tube,Hammersmith tube station (Circle and Hammersmith & City lines)
Paddenswick Road,Hammersmith & Fulham,Hammersmith & Fulham,Tube,Paddenswick Road tube station
Parsons Green,Hammersmith & Fulham,Hammersmith & Fulham,Tube,Parsons Green tube station
Putney Bridge,Hammersmith & Fulham,Hammersmith & Fulham,Tube,Putney Bridge tube station
Ravenscourt Park,Hammersmith & Fulham,Hammersmith & Fulham,Tube,Ravenscourt Park tube station
Rylett Road,Hammersmith & Fulham,Hammersmith & Fulham,Tube,Rylett Road tube station
Shepherd's Bush (Cen),Hammersmith & Fulham,Hammersmith & Fulham,Tube,Shepherd's Bush tube station
Shepherd's Bush Market,Hammersmith & Fulham,Hammersmith & Fulham,Tube,Shepherd's Bush Market tube station
The Grove,Hammersmith & Fulham,Hammersmith & Fulham,Tube,The Grove tube station
West Kensington,Hammersmith & Fulham,Hammersmith & Fulham,Tube,West Kensington tube station
White City,Hammersmith & Fulham,Hammersmith & Fulham,Tube,White City tube station
Wood Lane,Hammersmith & Fulham,Hammersmith & Fulham,Tube,Wood Lane tube station
Bounds Green,Haringey,Haringey,Tube,Bounds Green tube station
Highgate,Haringey,Haringey,Tube,Highgate tube station
Seven Sisters,Haringey,Haringey,Tube,Seven Sisters station
Tottenham Hale,Haringey,Haringey,Tube,Tottenham Hale station
Turnpike Lane,Haringey,Haringey,Tube,Turnpike Lane tube station
Wood Green,Haringey,Haringey,Tube,Wood Green tube station
Canons Park,Harrow,Harrow,Tube,Canons Park tube station
Harrow & Wealdstone,Harrow,Harrow,Tube,Harrow & Wealdstone station
Harrow-on-the-Hill,Harrow,Harrow,Tube,Harrow-on-the-Hill station
North Harrow,Harrow,Harrow,Tube,North Harrow tube station
Pinner,Harrow,Harrow,Tube,Pinner tube station
Rayners Lane,Harrow,Harrow,Tube,Rayners Lane tube station
South Harrow,Harrow,Harrow,Tube,South Harrow tube station
Stanmore,Harrow,Harrow,Tube,Stanmore tube station
Sudbury Hill,Harrow,Harrow,Tube,Sudbury Hill tube station
West Harrow,Harrow,Harrow,Tube,West Harrow tube station
Elm Park,Havering,Havering,Tube,Elm Park tube station
Hornchurch,Havering,Havering,Tube,Hornchurch tube station
Upminster,Havering,Havering,Tube,Upminster station
Upminster Bridge,Havering,Havering,Tube,Upminster Bridge tube station
Eastcote,Hillingdon,Hillingdon,Tube,Eastcote tube station
Hatton Cross,Hillingdon,Hillingdon,Tube,Hatton Cross tube station
Heathrow Terminal 4,Hillingdon,Hillingdon,Tube,Heathrow Terminal 4 tube station
Heathrow Terminal 5,Hillingdon,Hillingdon,Tube,Heathrow Terminal 5 station
Heathrow Terminals 123,Hillingdon,Hillingdon,Tube,Heathrow Terminals 2 & 3 tube station
Hillingdon,Hillingdon,Hillingdon,Tube,Hillingdon tube station
Ickenham,Hillingdon,Hillingdon,Tube,Ickenham tube station
Northwood,Hillingdon,Hillingdon,Tube,Northwood tube station
Northwood Hills,Hillingdon,Hillingdon,Tube,Northwood Hills tube station
Ruislip,Hillingdon,Hillingdon,Tube,Ruislip tube station
Ruislip Gardens,Hillingdon,Hillingdon,Tube,Ruislip Gardens tube station
Ruislip Manor,Hillingdon,Hillingdon,Tube,Ruislip Manor tube station
South Ruislip,Hillingdon,Hillingdon,Tube,South Ruislip station
Uxbridge,Hillingdon,Hillingdon,Tube,Uxbridge tube station
West Ruislip,Hillingdon,Hillingdon,Tube,West Ruislip station
Boston Manor,Hounslow,Hounslow,Tube,Boston Manor tube station
Emlyn Road,Hounslow,Hounslow,Tube,Emlyn Road tube station
Gunnersbury,Hounslow,Hounslow,Tube,Gunnersbury station
Heathfield Terrace,Hounslow,Hounslow,Tube,Heathfield Terrace tube station
Hounslow Central,Hounslow,Hounslow,Tube,Hounslow Central tube station
Hounslow East,Hounslow,Hounslow,Tube,Hounslow East tube station
Hounslow Town,Hounslow,Hounslow,Tube,Hounslow Town tube station
Hounslow West,Hounslow,Hounslow,Tube,Hounslow West tube station
Osterley,Hounslow,Hounslow,Tube,Osterley tube station
Stamford Brook,Hounslow,Hounslow,Tube,Stamford Brook tube station
Turnham Green,Hounslow,Hounslow,Tube,Turnham Green tube station
Angel,Islington,Islington,Tube,Angel tube station
Archway,Islington,Islington,Tube,Archway tube station
Arsenal,Islington,Islington,Tube,Arsenal tube station
Caledonian Road,Islington,Islington,Tube,Caledonian Road tube station
City Road,Islington,Islington,Tube,City Road tube station
Farringdon,Islington,Islington,Tube,Farringdon station
Finsbury Park,Islington,Islington,Tube,Finsbury Park station
Highbury & Islington,Islington,Islington,Tube,Highbury & Islington station
Holloway Road,Islington,Islington,Tube,Holloway Road tube station
Old Street,Islington,Islington,Tube,Old Street station
Tufnell Park,Islington,Islington,Tube,Tufnell Park tube station
Earl's Court,Kensington & Chelsea,Kensington & Chelsea,Tube,Earl's Court tube station
Gloucester Road,Kensington & Chelsea,Kensington & Chelsea,Tube,Gloucester Road tube station
High Street Kensington,Kensington & Chelsea,Kensington & Chelsea,Tube,High Street Kensington tube station
Holland Park,Kensington & Chelsea,Kensington & Chelsea,Tube,Holland Park tube station
Kensington (Olympia),Kensington & Chelsea,Kensington & Chelsea,Tube,Kensington (Olympia) station
Knightsbridge,Kensington & Chelsea,Kensington & Chelsea,Tube,Knightsbridge tube station
Ladbroke Grove,Kensington & Chelsea,Kensington & Chelsea,Tube,Ladbroke Grove tube station
Latimer Road,Kensington & Chelsea,Kensington & Chelsea,Tube,Latimer Road tube station
Notting Hill Gate,Kensington & Chelsea,Kensington & Chelsea,Tube,Notting Hill Gate tube station
Sloane Square,Kensington & Chelsea,Kensington & Chelsea,Tube,Sloane Square tube station
South Kensington,Kensington & Chelsea,Kensington & Chelsea,Tube,South Kensington tube station
West Brompton,Kensington & Chelsea,Kensington & Chelsea,Tube,West Brompton station
Brixton,Lambeth,Lambeth,Tube,Brixton tube station
Clapham Common,Lambeth,Lambeth,Tube,Clapham Common tube station
Clapham North,Lambeth,Lambeth,Tube,Clapham North tube station
Lambeth North,Lambeth,Lambeth,Tube,Lambeth North tube station
Nine Elms,Lambeth,Lambeth,Tube,Nine Elms tube station
Oval,Lambeth,Lambeth,Tube,Oval tube station
Stockwell,Lambeth,Lambeth,Tube,Stockwell tube station
Vauxhall,Lambeth,Lambeth,Tube,Vauxhall station
Waterloo,Lambeth,Lambeth,Tube,Waterloo tube station
Colliers Wood,Merton,Merton,Tube,Colliers Wood tube station
Morden,Merton,Merton,Tube,Morden tube station
South Wimbledon,Merton,Merton,Tube,South Wimbledon tube station
Wimbledon,Merton,Merton,Tube,Wimbledon station
Wimbledon Park,Merton,Merton,Tube,Wimbledon Park tube station
Beckton,Newham,Newham,Tube,Beckton tube station
Canning Town,Newham,Newham,Tube,Canning Town station
East Ham,Newham,Newham,Tube,East Ham tube station
Plaistow,Newham,Newham,Tube,Plaistow tube station
Stratford,Newham,Newham,Tube,Stratford station
Upton Park,Newham,Newham,Tube,Upton Park tube station
West Ham,Newham,Newham,Tube,West Ham station
Barkingside,Redbridge,Redbridge,Tube,Barkingside tube station
Fairlop,Redbridge,Redbridge,Tube,Fairlop tube station
Gants Hill,Redbridge,Redbridge,Tube,Gants Hill tube station
Hainault,Redbridge,Redbridge,Tube,Hainault tube station
Newbury Park,Redbridge,Redbridge,Tube,Newbury Park tube station
Redbridge,Redbridge,Redbridge,Tube,Redbridge tube station
Snaresbrook,Redbridge,Redbridge,Tube,Snaresbrook tube station
South Woodford,Redbridge,Redbridge,Tube,South Woodford tube station
Wanstead,Redbridge,Redbridge,Tube,Wanstead tube station
Woodford,Redbridge,Redbridge,Tube,Woodford tube station
Kew Gardens,Richmond upon Thames,Richmond upon Thames,Tube,Kew Gardens station (London)
Richmond,Richmond upon Thames,Richmond upon Thames,Tube,Richmond station (London)
Bermondsey,Southwark,Southwark,Tube,Bermondsey tube station
Borough,Southwark,Southwark,Tube,Borough tube station
Canada Water,Southwark,Southwark,Tube,Canada Water station
Elephant & Castle,Southwark,Southwark,Tube,Elephant & Castle tube station
Kennington,Southwark,Southwark,Tube,Kennington tube station
London Bridge,Southwark,Southwark,Tube,London Bridge station
Southwark,Southwark,Southwark,Tube,Southwark tube station
Surrey Docks North,Southwark,Southwark,Tube,Surrey Docks North tube station
Aldgate East,Tower Hamlets,Tower Hamlets,Tube,Aldgate East tube station
Bethnal Green,Tower Hamlets,Tower Hamlets,Tube,Bethnal Green tube station
Bow Road,Tower Hamlets,Tower Hamlets,Tube,Bow Road tube station
Bromley-by-Bow,Tower Hamlets,Tower Hamlets,Tube,Bromley-by-Bow tube station
Canary Wharf,Tower Hamlets,Tower Hamlets,Tube,Canary Wharf tube station
Mile End,Tower Hamlets,Tower Hamlets,Tube,Mile End tube station
Millwall,Tower Hamlets,Tower Hamlets,Tube,Millwall tube station
St Katharine Docks,Tower Hamlets,Tower Hamlets,Tube,St Katharine Docks tube station
Stepney Green,Tower Hamlets,Tower Hamlets,Tube,Stepney Green tube station
Tower Hill,Tower Hamlets,Tower Hamlets,Tube,Tower Hill tube station
Whitechapel,Tower Hamlets,Tower Hamlets,Tube,Whitechapel station
Blackhorse Road,Waltham Forest,Waltham Forest,Tube,Blackhorse Road station
Leyton,Waltham Forest,Waltham Forest,Tube,Leyton tube station
Leytonstone,Waltham Forest,Waltham Forest,Tube,Leytonstone tube station
Walthamstow Central,Waltham Forest,Waltham Forest,Tube,Walthamstow Central station
Balham,Wandsworth,Wandsworth,Tube,Balham station
Battersea Power,Wandsworth,Wandsworth,Tube,Battersea Power Station tube station
Clapham South,Wandsworth,Wandsworth,Tube,Clapham South tube station
East Putney,Wandsworth,Wandsworth,Tube,East Putney tube station
Southfields,Wandsworth,Wandsworth,Tube,Southfields tube station
Tooting Bec,Wandsworth,Wandsworth,Tube,Tooting Bec tube station
Tooting Broadway,Wandsworth,Wandsworth,Tube,Tooting Broadway tube station
Baker Street,Westminster,Westminster,Tube,Baker Street tube station
Bayswater,Westminster,Westminster,Tube,Bayswater tube station
Bond Street,Westminster,Westminster,Tube,Bond Street station
Charing Cross,Westminster,Westminster,Tube,Charing Cross tube station
Covent Garden,Westminster,Westminster,Tube,Covent Garden tube station
Edgware Road (Bak),Westminster,Westminster,Tube,Edgware Road tube station (Bakerloo line)
Edgware Road (Cir),Westminster,Westminster,Tube,"Edgware Road tube station (Circle, District and Hammersmith & City lines)"
Embankment,Westminster,Westminster,Tube,Embankment tube station
Great Portland Street,Westminster,Westminster,Tube,Great Portland Street tube station
Green Park,Westminster,Westminster,Tube,Green Park tube station
Hyde Park Corner,Westminster,Westminster,Tube,Hyde Park Corner tube station
Lancaster Gate,Westminster,Westminster,Tube,Lancaster Gate tube station
Leicester Square,Westminster,Westminster,Tube,Leicester Square tube station
London Victoria,Westminster,Westminster,Tube,London Victoria station
Maida Vale,Westminster,Westminster,Tube,Maida Vale tube station
Marble Arch,Westminster,Westminster,Tube,Marble Arch tube station
Marylebone,Westminster,Westminster,Tube,Marylebone station
Oxford Circus,Westminster,Westminster,Tube,Oxford Circus tube station
Paddington,Westminster,Westminster,Tube,"Paddington tube station (Bakerloo, Circle and District lines)"
Piccadilly Circus,Westminster,Westminster,Tube,Piccadilly Circus tube station
Pimlico,Westminster,Westminster,Tube,Pimlico tube station
Queensway,Westminster,Westminster,Tube,Queensway tube station
Regent's Park,Westminster,Westminster,Tube,Regent's Park tube station
Royal Oak,Westminster,Westminster,Tube,Royal Oak tube station
St. James's Park,Westminster,Westminster,Tube,St James's Park tube station
St. John's Wood,Westminster,Westminster,Tube,St John's Wood tube station
Temple,Westminster,Westminster,Tube,Temple tube station
Tottenham Court Road,Westminster,Westminster,Tube,Tottenham Court Road station
Victoria,Westminster,Westminster,Tube,Victoria tube station
Warwick Avenue,Westminster,Westminster,Tube,Warwick Avenue tube station
Westbourne Park,Westminster,Westminster,Tube,Westbourne Park tube station
Westminster,Westminster,Westminster,Tube,Westminster tube station
